{"cameraMode":{"drawMode":0,"name":"Shaded","section":"Shading Mode"},"sceneLighting":true,"audioPlay":false,"sceneViewState":{"showFog":true,"showMaterialUpdate":false,"showSkybox":true,"showFlares":true,"showImageEffects":true,"showParticleSystems":true},"in2DMode":false,"pivot":{"x":-1.0169644355773926,"y":2.5170371532440187,"z":1.107589602470398},"rotation":{"x":0.2598682940006256,"y":0.5332417488098145,"z":-0.17641492187976838,"w":0.7854931950569153},"size":5.355350494384766,"orthographic":true}