{"cameraMode":{"drawMode":0,"name":"Shaded","section":"Shading Mode"},"sceneLighting":false,"audioPlay":false,"sceneViewState":{"showFog":true,"showMaterialUpdate":false,"showSkybox":false,"showFlares":true,"showImageEffects":true,"showParticleSystems":true},"in2DMode":false,"pivot":{"x":-2.240000009536743,"y":0.38999998569488528,"z":1.0700000524520875},"rotation":{"x":0.39049383997917178,"y":0.21500937640666963,"z":-0.09431959688663483,"w":0.8901625275611877},"size":2.8578836917877199,"orthographic":true}