{"cameraMode":{"drawMode":0,"name":"Shaded","section":"Shading Mode"},"sceneLighting":false,"audioPlay":false,"sceneViewState":{"showFog":true,"showMaterialUpdate":false,"showSkybox":false,"showFlares":true,"showImageEffects":true,"showParticleSystems":true},"in2DMode":false,"pivot":{"x":-0.2631601095199585,"y":1.408690094947815,"z":-0.6364713907241821},"rotation":{"x":0.11019095033407211,"y":0.6964216232299805,"z":-0.10953161120414734,"w":0.7006124258041382},"size":7.948765277862549,"orthographic":true}