{"cameraMode":{"drawMode":0,"name":"Shaded","section":"Shading Mode"},"sceneLighting":false,"audioPlay":false,"sceneViewState":{"showFog":true,"showMaterialUpdate":false,"showSkybox":false,"showFlares":true,"showImageEffects":true,"showParticleSystems":true},"in2DMode":false,"pivot":{"x":0.0,"y":1.934999942779541,"z":-2.1700000762939455},"rotation":{"x":0.3566203713417053,"y":0.23928920924663545,"z":-0.09502086788415909,"w":0.8980721831321716},"size":12.03849983215332,"orthographic":true}