{"cameraMode":{"drawMode":0,"name":"Shaded","section":"Shading Mode"},"sceneLighting":false,"audioPlay":false,"sceneViewState":{"showFog":true,"showMaterialUpdate":false,"showSkybox":false,"showFlares":true,"showImageEffects":true,"showParticleSystems":true},"in2DMode":false,"pivot":{"x":0.8299999833106995,"y":1.350000023841858,"z":-1.3899999856948853},"rotation":{"x":0.4181971251964569,"y":0.3666180968284607,"z":-0.18946973979473115,"w":0.809199333190918},"size":0.7047826647758484,"orthographic":true}