{"cameraMode":{"drawMode":0,"name":"Shaded","section":"Shading Mode"},"sceneLighting":false,"audioPlay":false,"sceneViewState":{"showFog":true,"showMaterialUpdate":false,"showSkybox":false,"showFlares":true,"showImageEffects":true,"showParticleSystems":true},"in2DMode":false,"pivot":{"x":-1.046826720237732,"y":-1.1103330850601197,"z":3.3031089305877687},"rotation":{"x":0.3428495228290558,"y":0.45571017265319826,"z":-0.19584660232067109,"w":0.797763466835022},"size":3.853989362716675,"orthographic":true}