{"cameraMode":{"drawMode":0,"name":"Shaded","section":"Shading Mode"},"sceneLighting":false,"audioPlay":false,"sceneViewState":{"showFog":true,"showMaterialUpdate":false,"showSkybox":false,"showFlares":true,"showImageEffects":true,"showParticleSystems":true},"in2DMode":false,"pivot":{"x":-3.261061429977417,"y":-0.42180418968200686,"z":3.3606667518615724},"rotation":{"x":0.1702841818332672,"y":0.37639886140823367,"z":-0.0705954059958458,"w":0.9079336524009705},"size":5.958310127258301,"orthographic":true}